{"cameraMode":{"drawMode":0,"name":"Shaded","section":"Shading Mode"},"sceneLighting":true,"audioPlay":false,"sceneViewState":{"m_AlwaysRefresh":false,"showFog":true,"showSkybox":true,"showFlares":true,"showImageEffects":true,"showParticleSystems":true,"showVisualEffectGraphs":true,"m_FxEnabled":true},"in2DMode":false,"pivot":{"x":-15.521880149841309,"y":5.8441267013549809,"z":-5.115170955657959},"rotation":{"x":0.18561212718486787,"y":0.6375157833099365,"z":-0.16210578382015229,"w":0.7299615740776062},"size":0.012778675183653832,"orthographic":false}