{"cameraMode":{"drawMode":0,"name":"Shaded","section":"Shading Mode"},"sceneLighting":false,"audioPlay":false,"sceneViewState":{"m_AlwaysRefresh":false,"showFog":true,"showSkybox":false,"showFlares":true,"showImageEffects":true,"showParticleSystems":true,"showVisualEffectGraphs":true,"m_FxEnabled":true},"in2DMode":false,"pivot":{"x":8.625604629516602,"y":-2.5486817359924318,"z":3.188901424407959},"rotation":{"x":0.002689290326088667,"y":0.02759361080825329,"z":0.00007419726171065122,"w":-0.9996167421340942},"size":2.821539878845215,"orthographic":false}